masking_p,model,eval_known_ratio,n_species,mean_auc_roc,auc_roc_q25,auc_roc_q50,auc_roc_q75,mean_auc_pr,mean_cbi,mean_brier,mean_ece
1.0,MaskSDM,0.0,151,0.8225253844136086,0.7316233987040196,0.832360381397159,0.9299532695690005,0.1487204057279718,0.489416903673356,0.08693988986060415,0.12279337911974501
