{
  "model": "MaskSDM",
  "masking_p": 1.0,
  "eval_known_ratio": 0.0,
  "n_species": 151,
  "mean_auc_roc": 0.8225253844136086,
  "auc_roc_q25": 0.7316233987040196,
  "auc_roc_q50": 0.832360381397159,
  "auc_roc_q75": 0.9299532695690005,
  "mean_auc_pr": 0.1487204057279718,
  "mean_cbi": 0.489416903673356,
  "mean_brier": 0.08693988986060415,
  "mean_ece": 0.12279337911974501
}