{
  "model": "MaskSDM",
  "masking_p": 1.0,
  "eval_known_ratio": 0.0,
  "n_species": 151,
  "mean_auc_roc": 0.8201519405018831,
  "auc_roc_q25": 0.7343277211409742,
  "auc_roc_q50": 0.8394194756554307,
  "auc_roc_q75": 0.9331290145384313,
  "mean_auc_pr": 0.15617607410356035,
  "mean_cbi": 0.5394779628995523,
  "mean_brier": 0.0998343931472163,
  "mean_ece": 0.14851771341039854
}