masking_p,eval_known_ratio,mean_auc_roc,auc_roc_q25,auc_roc_q50,auc_roc_q75,mean_auc_pr,mean_cbi,mean_brier,mean_ece,n_species,avg_masked_rows_per_sp
0.25,0.75,0.8457807711083863,0.7605401702448716,0.8561982449635398,0.9357307495691907,0.21762127765754713,0.5435810868354642,0.028517659073810344,0.015538528486406564,147,1438.1988304093568
0.5,0.5,0.8417698925562562,0.7673385803857522,0.8501780429152793,0.9361702507234122,0.21228731552744617,0.5889651218503453,0.02863189761593687,0.015766682955029997,147,1731.5497076023391
0.75,0.25,0.8311263881472604,0.7539841163930765,0.838176762805676,0.9326362173869398,0.19105195735826808,0.48800960301527463,0.028444203183481,0.01552580283187521,150,2019.251461988304
1.0,0.0,0.8178387755562304,0.7267277970897755,0.8153786589114296,0.9259125942422963,0.16015369005674274,0.3265300178890371,0.029009640698627586,0.016080077369459843,151,2302.0
