test_loss,test_accuracy,test_auroc
0.08429523557424545,0.9741923809051514,0.8721521496772766
0.08420965075492859,0.9742074012756348,0.8729959726333618
