test_loss,test_accuracy,test_auroc
0.09926741570234299,0.9696450233459473,0.817838728427887
