test_loss,test_accuracy,test_auroc
0.04619753733277321,0.9853242039680481,0.9634346961975098
