test_loss,test_accuracy,test_auroc
0.057810790836811066,0.9819226861000061,0.9391891956329346
0.05910937860608101,0.9813307523727417,0.9407424330711365
