test_loss,test_accuracy,test_auroc
0.07005183398723602,0.978069007396698,0.9154127240180969
0.07014422118663788,0.9781222343444824,0.9172278642654419
