masking_p,eval_known_ratio,mean_auc_roc,auc_roc_q25,auc_roc_q50,auc_roc_q75,mean_auc_pr,mean_cbi,mean_brier,mean_ece,n_species,avg_masked_rows_per_sp
0.25,0.75,0.8446494754401034,0.7660038602668947,0.8629833936191073,0.942610123808838,0.21772863573026038,0.5729873403812447,0.028477950819853128,0.016564851521836028,146,1418.6315789473683
0.5,0.5,0.8454364727295112,0.7758981867386125,0.856557719635543,0.9463626905610328,0.215502006439534,0.5582876425804316,0.027831230452746866,0.01560690870505877,151,1735.374269005848
0.75,0.25,0.8311187464263076,0.7522058913402248,0.8494546138415247,0.9428363839504721,0.19439630017936357,0.5027483188680684,0.02804052634782892,0.01586654710480641,151,2017.3099415204679
1.0,0.0,0.810063400088818,0.7197480723563401,0.8253392385978138,0.9336131429613967,0.15526292984019718,0.29865783878356095,0.028947253576678773,0.0168195035338819,151,2302.0
