test_loss,test_accuracy,test_auroc
0.056653883308172226,0.9825119972229004,0.9427605271339417
