test_loss,test_accuracy,test_auroc
0.07031626254320145,0.9783534407615662,0.9126540422439575
0.07064894586801529,0.9783204793930054,0.910572350025177
