test_loss,test_accuracy,test_auroc
0.08479990065097809,0.9740322232246399,0.8732861876487732
0.08487442880868912,0.9740067720413208,0.8741671442985535
