test_loss,test_accuracy,test_auroc
0.10024090111255646,0.9701809287071228,0.8100634217262268
0.10024090111255646,0.9701809287071228,0.8100634217262268
