masking_p,model,eval_known_ratio,n_species,mean_auc_roc,auc_roc_q25,auc_roc_q50,auc_roc_q75,mean_auc_pr,mean_cbi,mean_brier,mean_ece
1.0,MaskSDM,0.0,151,0.8201519405018831,0.7343277211409742,0.8394194756554307,0.9331290145384313,0.15617607410356035,0.5394779628995523,0.0998343931472163,0.14851771341039854
