masking_p,eval_known_ratio,mean_auc_roc,auc_roc_q25,auc_roc_q50,auc_roc_q75,mean_auc_pr,mean_cbi,mean_brier,mean_ece,n_species,avg_masked_rows_per_sp
0.25,0.75,0.8263100533604618,0.7481378351529845,0.8435898652376129,0.9316826925602238,0.18492560736698102,0.414192299467271,0.0299883498051108,0.020173689855217346,148,1431.970760233918
0.5,0.5,0.8224646775341959,0.7436191052343504,0.8311553792683646,0.931681805670245,0.18424602166574028,0.44761327708361787,0.030194318537431555,0.020034984016659606,149,1734.8479532163742
0.75,0.25,0.8120449576747769,0.7278798529605087,0.829584019150434,0.9230810304112237,0.16675500552464906,0.4275317861132498,0.029746197750874684,0.01949044699949538,150,2020.608187134503
1.0,0.0,0.7920234190767829,0.7048533152519413,0.8129536173004084,0.913241864734254,0.1442274291660241,0.29102901334448095,0.03001249012108042,0.01994854148459986,151,2302.0
