test_loss,test_accuracy,test_auroc
0.108869768679142,0.9689261317253113,0.7920234203338623
0.108869768679142,0.9689261317253113,0.7920234203338623
