test_loss,test_accuracy,test_auroc
0.09276227653026581,0.9723987579345703,0.8572019934654236
0.09270202368497849,0.9724421501159668,0.8562812805175781
