test_loss,test_accuracy,test_auroc
0.06389278173446655,0.9800527691841125,0.9353697299957275
0.0642860010266304,0.9801369309425354,0.9315671324729919
