test_loss,test_accuracy,test_auroc
0.0790749341249466,0.9760165214538574,0.896253764629364
0.07716696709394455,0.9764634370803833,0.9007660150527954
